Depth,MWIN,HKLD_AVG,ONBOTTOM_TIME,MWINANN,WOB_MAX,SURF_REVS,WOB_MIN,BIT_RPM_MIN,STRATESUM,TBR,MROUT,FLOWIN,FLOWOUT,BIT_RPM_MAX,TORQUE_AVG,ROT_TIME,MRIN,FLOWOUTPC,PUMP_MAX,MUDRETDEPTH,MOTOR_RPM,TOTGAS_MAX,TORQUE_MAX,TOTGAS_AVG,HKLD_MAX,WOB_AVG,MWOUT,ECDBIT,TORQUE_MIN,MTIN,RigActivityCode,BIT_DIST,EditFlag,PIT_DRILL,MTOUT,PUMP_AVG,HKLD_MIN,BIT_RPM_AVG,PUMP_MIN,BITVELOCITY,Time
784.8,0,654267.8,0,0,239359.92,19.5967,50123.07,0,0,0,0,0,0.061693903,0,1.622292,25776,0,0,334743.87,0,0,0,1.622292,0,665806,239359.92,0,0,1.622292,0,12,3231,0,43.199895,0,328459.24,654267.8,0,326106.42,-0.1129432,2013-10-24T00:07:28.000Z
785.4,0,781189.3,0,0,166283.92,19.5967,-37738.08,0,0,0,0,0,0.061692694,0,1.622292,25776,0,0,336912.64,0,0,0,1.622292,0,781189.3,166283.92,0,0,1.622292,0,12,3231,0,43.201419,0,330845.51,727343.8,0,328469.69,1.4895234,2013-10-24T00:08:14.000Z
786.6,0,761958.7,0,0,227821.72,19.5967,-86202.37,0,0,0,0,0,0.067990726,0,1.622292,25776,0,0,339278,0,0,0,1.622292,0,819650.3,131669.02,0,0,1.622292,0,12,3231,0,43.198082,0,330832.97,665806,0,328480.15,0.24823057,2013-10-24T00:07:56.000Z
788.1,0,758112.6,0,0,135515.12,19.5967,-35892.36,0,0,0,0,0,0.0612117,0,1.622292,25776,0,0,332790.51,0,0,0,1.622292,0,761958.7,135515.12,0,0,1.622292,0,12,3231,0,43.202074,0,332790.51,758112.6,0,330832.97,0.54273743,2013-10-24T00:07:58.000Z
789.3,0,765804.8,0,0,135515.12,19.5967,-35288.14,0,0,0,0,0,0.065161277,0,1.622292,25776,0,0,338863.91,0,0,0,1.622292,0,765804.8,135515.12,0,0,1.622292,0,12,3231,0,43.196696,0,338863.91,758112.6,0,332790.51,0.82445412,2013-10-24T00:08:00.000Z
790.8,0,765804.8,0,0,127822.92,19.5967,-41519.17,0,0,0,0,0,0.06169516,0,1.622292,25776,0,0,338863.91,0,0,0,1.622292,0,765804.8,127822.92,0,0,1.622292,0,12,3231,0,43.201758,0,327365.44,765804.8,0,327365.44,1.0854505,2013-10-24T00:08:02.000Z
792.3,0,765804.8,0,0,127822.92,19.5967,-41519.17,0,0,0,0,0,0.061700405,0,1.622292,25776,0,0,332368.05,0,0,0,1.622292,0,765804.8,127822.92,0,0,1.622292,0,12,3231,0,43.200133,0,332368.05,765804.8,0,327365.44,1.3791673,2013-10-24T00:08:04.000Z
793.8,0,727343.8,0,0,166283.92,19.5967,-38025.8,0,0,0,0,0,0.061921346,0,1.622292,25776,0,0,332368.05,0,0,0,1.622292,0,765804.8,166283.92,0,0,1.622292,0,12,3231,0,43.193797,0,328026.32,727343.8,0,328026.32,1.4097275,2013-10-24T00:08:06.000Z
795.3,0,742728.2,0,0,166283.92,19.5967,-38025.8,0,0,0,0,0,0.062768537,0,1.622292,25776,0,0,330864.34,0,0,0,1.622292,0,742728.2,-36730.88,0,0,1.622292,0,12,3231,0,43.220123,0,330864.34,727343.8,0,328026.32,1.445381,2013-10-24T00:08:08.000Z
796.8,0,727343.8,0,0,150899.52,19.5967,-36730.88,0,0,0,0,0,0.061656144,0,1.622292,25776,0,0,330864.34,0,0,0,1.622292,0,742728.2,150899.52,0,0,1.622292,0,12,3231,0,43.203831,0,328469.69,727343.8,0,328469.69,1.453304,2013-10-24T00:08:10.000Z
2573.7,0,1354259,0,0,31391.57,1870.21,-3223.43,0.82224167,1.1333333,0,0,0.025103333,0.044431411,0.84563983,13360.63,9427,0,0,7034140.7,0,0,0,18233.05,0,1404258,46775.57,0,0,9264.12,0,112,3231,0,51.288692,0,7026724.9,1369643,0.832702,6974922.2,-0.02470649,2013-10-25T16:41:18.000Z
2574.3,0,1354259,0,0,19853.57,1830.54,4468.57,0.82196633,1.1333333,0,0,0.025103333,0.044431411,0.85224633,13360.63,9379,0,0,7038602.2,0,0,0,16694.8,0,1396566,46775.57,0,0,9264.12,0,112,3231,0,51.288692,0,7026724.9,1381181,0.832702,6988599,-0.02470649,2013-10-25T16:40:30.000Z
2574.9,0,1354259,0,0,27545.57,1792.05,-26300.43,0.83187617,1.1333333,0,0,0.025103333,0.044431411,0.85362283,13360.63,9333,0,0,7021832.2,0,0,0,16924.19,0,1427335,46775.57,0,0,9223.142,0,112,3231,0,51.288692,0,7026724.9,1373489,0.832702,6961038.1,-0.033300052,2013-10-25T16:39:44.000Z
2575.5,0,1354259,0,0,19853.57,1763.67,-7069.43,0.832702,1.1333333,0,0,0.025103333,0.044431411,0.832702,13360.63,9299,0,0,6982613.8,0,0,0,15951.02,0,1408104,46775.57,0,0,10874.45,0,112,3231,0,51.288692,0,7026724.9,1381181,0.832702,6930037.8,-0.088084008,2013-10-25T16:39:10.000Z
2576.1,0,1354259,0,0,4971.054,1753.68,-7069.43,0.832702,1.1333333,0,0,0.025103333,0.044431411,0.832702,13360.63,9287,0,0,6974940.9,0,0,0,16028.73,0,1408104,46775.57,0,0,12488.14,0,112,3231,0,51.288692,0,7026724.9,1400412,0.832702,6926708.3,-0.099900155,2013-10-25T16:38:58.000Z
2576.7,0,1354259,0,0,12160.57,1743.68,-14762.43,0.832702,1.1333333,0,0,0.025103333,0.044431411,0.832702,13360.63,9275,0,0,6982286.2,0,0,0,16028.73,0,1415797,46775.57,0,0,11096.28,0,112,3231,0,51.288692,0,7026724.9,1388874,0.832702,6934343.8,-0.099900155,2013-10-25T16:38:46.000Z
2577.3,0,1354259,0,0,50621.57,1732.03,8814.218,0.832702,1.1333333,0,0,0.025103333,0.044431411,0.832702,13360.63,9263,0,0,7057501.3,0,0,0,17679.07,0,1415797,46775.57,0,0,9884.957,0,112,3231,0,51.288692,0,7026724.9,1350413,0.832702,6940857.8,-0.094529179,2013-10-25T16:38:34.000Z
2577.9,0,1326899,0,0,89082.57,2739.22,18729.49,0.83710633,1.1333333,0,0,0.025103333,0.032978929,0.83710633,13776.21,10470,0,0,6881104.4,0,0,0,15296.66,0,1335028,76770.266,0,0,11469.94,0,112,3231,0,52.100372,0,6867909.1,1311952,0.83710622,6850448.3,0.042967809,2013-10-25T16:58:41.000Z
2578.2,0,1325608.7,0,0,77544.57,2750.94,19568.98,0.83710633,1.1333333,0,0,0.025103333,0.032320322,0.83710633,14313.435,10484,0,0,6890361.2,0,0,0,15932.54,0,1331182,76424.538,0,0,10716.17,0,112,3231,0,52.116905,0,6870432.2,1323490,0.83710634,6843764.3,0.045653297,2013-10-25T16:58:55.000Z
2578.5,0,1322522.6,0,0,81390.57,2760.99,19818.93,0.83710633,1.1333333,0,0,0.025103333,0.033078086,0.83710633,11933.536,10496,0,0,6885713.1,0,0,0,14575.35,0,1331182,77506.031,0,0,9184.615,0,112,3231,0,52.115658,0,6870971.1,1319644,0.83710633,6834316.8,0.045116199,2013-10-25T16:59:07.000Z
2578.8,0,1324688.6,0,0,85236.57,2770.96,20140.01,0.81728667,1.1333333,0,0,0.025103333,0.033499072,0.83710633,14028.022,10508,0,0,6882588.8,0,0,0,16184.78,0,1335028,78541.355,0,0,12186.04,0,112,3231,0,52.124208,0,6868244.1,1315798,0.83018702,6851437.2,0.048338785,2013-10-25T16:59:19.000Z
2579.1,0,1321540.2,0,0,85236.57,2780.97,21676.25,0.81728667,1.1333333,0,0,0.025103333,0.033637115,0.83793217,13716.302,10520,0,0,6889401.3,0,0,0,14436.35,0,1335028,77285.76,0,0,13433.93,0,112,3231,0,52.123696,0,6878997.4,1315798,0.83497267,6849923.7,0.058543639,2013-10-25T16:59:31.000Z
2579.4,0,1316196.3,0,0,85236.57,2787.67,21676.25,0.826646,1.1333333,0,0,0.025103333,0.033129421,0.856926,13806.111,10528,0,0,6889401.3,0,0,0,15326.74,0,1327336,79886.339,0,0,11963.83,0,112,3231,0,52.134582,0,6871649.2,1308106,0.83663876,6855457.1,0.071971079,2013-10-25T16:59:38.000Z
2579.7,0,1325156.7,0,0,92928.57,2826,-14075.73,0.826646,1.1333333,0,0,0.025103333,0.032271372,0.8472915,12113.352,10574,0,0,6855457.1,0,0,0,15806.69,0,1365797,73577.848,0,0,8996.201,0,112,3231,0,52.150932,0,6835181,1308106,0.83451881,6785116,0.020946807,2013-10-25T17:00:25.000Z
2580,0,1331679.6,0,0,77544.57,2861.2,-9867.48,0.82389317,1.1333333,0,0,0.025103333,0.032147259,0.85059483,14036.55,10616,0,0,6843606.8,0,0,0,16800.04,0,1358105,68775.594,0,0,11637.12,0,112,3231,0,52.178565,0,6821884.9,1323490,0.83706623,6785565.9,0.0080564641,2013-10-25T17:01:07.000Z
2580.3,0,1327492.5,0,0,77544.57,2876.06,2193.133,0.82582017,1.1333333,0,0,0.025103333,0.032003069,0.82582017,14315.207,10634,0,0,6835484,0,0,0,17342.71,0,1335028,72240.521,0,0,11634.34,0,112,3231,0,52.221088,0,6813614.2,1319644,0.82569046,6787759.3,0.040819418,2013-10-25T17:01:25.000Z
2580.6,0,1324668.4,0,0,85236.57,2884.41,21134.18,0.82582017,1.1333333,0,0,0.025103333,0.032041953,0.85554967,14304.602,10646,0,0,6848049.6,0,0,0,16916.52,0,1335028,75529.482,0,0,11352.78,0,112,3231,0,52.241078,0,6826608,1315798,0.83423274,6803175.5,0.053172663,2013-10-25T17:01:37.000Z
2580.9,0,1325881.4,0,0,85236.57,2894.39,22793.22,0.83160083,1.1333333,0,0,0.025103333,0.031865856,0.83160083,13093.859,10656,0,0,6848049.6,0,0,0,16404.58,0,1327336,75215.267,0,0,10789.39,0,112,3231,0,52.238095,0,6830275.8,1323490,0.83140556,6812604.4,0.064451713,2013-10-25T17:01:47.000Z
2581.2,0,1326262.3,0,0,77544.57,2901.07,24018.66,0.8241685,1.1333333,0,0,0.025103333,0.03165964,0.85004433,11383.147,10664,0,0,6861573,0,0,0,12970.62,0,1331182,73953.586,0,0,9536.761,0,112,3231,0,52.255263,0,6838016.5,1323490,0.83380943,6824006.9,0.065525908,2013-10-25T17:01:55.000Z
2581.5,0,1325767.2,0,0,81390.57,2916,2599.265,0.8241685,1.1333333,0,0,0.025103333,0.03179687,0.8715155,14729.976,10682,0,0,6841297.2,0,0,0,16093.1,0,1358105,72155.482,0,0,10154.36,0,112,3231,0,52.25807,0,6819803.9,1319644,0.83308284,6800635.9,0.051024273,2013-10-25T17:02:13.000Z
2581.8,0,1326304.5,0,0,81390.57,2922.62,20361.7,0.82747183,1.1333333,0,0,0.025103333,0.031693118,0.82747183,13846.606,10690,0,0,6851897.4,0,0,0,15687.43,0,1331182,74321.838,0,0,11884.31,0,112,3231,0,52.258147,0,6839181.1,1319644,0.82795962,6825723.5,0.066600103,2013-10-25T17:02:21.000Z
2582.1,0,1322418,0,0,81390.57,2930.99,22661.45,0.82747183,1.1333333,0,0,0.025103333,0.031147057,0.86601017,11731.953,10700,0,0,6842118.2,0,0,0,13722.33,0,1323490,79527.396,0,0,10994.51,0,112,3231,0,52.263226,0,6827913.5,1319644,0.83569813,6816153.6,0.062303322,2013-10-25T17:02:31.000Z
2582.4,0,1326807.4,0,0,77544.57,2940.98,19779.64,0.82499433,1.1333333,0,0,0.025103333,0.03188135,0.85087,13614.578,10712,0,0,6841604.1,0,0,0,14153.02,0,1331182,75593.735,0,0,11632,0,112,3231,0,52.276288,0,6820164,1323490,0.83229287,6795730.7,0.048875882,2013-10-25T17:02:43.000Z
2582.7,0,1325991.3,0,0,77544.57,2950.88,18093.81,0.82499433,1.1333333,0,0,0.025103333,0.031510976,0.82499433,13082.842,10724,0,0,6841604.1,0,0,0,15035.45,0,1331182,73898.251,0,0,10502.64,0,112,3231,0,52.275956,0,6816108.7,1323490,0.82549816,6791316.9,0.047264589,2013-10-25T17:02:55.000Z
2583,0,1323879.3,0,0,77544.57,2960.78,20572.65,0.82499433,1.1333333,0,0,0.025103333,0.031696487,0.82499433,14589.105,10736,0,0,6832896.7,0,0,0,15944.84,0,1327336,77191.831,0,0,11372.26,0,112,3231,0,52.299989,0,6812219.1,1323490,0.82494793,6791316.9,0.055858151,2013-10-25T17:03:07.000Z
2583.3,0,1320239.7,0,0,89082.57,2967.38,22216.29,0.82499433,1.1333333,0,0,0.025103333,0.031411504,0.82499433,13354.384,10744,0,0,6837648.4,0,0,0,15944.84,0,1331182,82452.585,0,0,13002.25,0,112,3231,0,52.299339,0,6824490.5,1311952,0.82498781,6804147.8,0.064451713,2013-10-25T17:03:15.000Z
2583.6,0,1334139.2,0,0,89082.57,2985.63,-4472.517,0.82059,1.1333333,0,0,0.025103333,0.031052543,0.86160567,13414.733,10766,0,0,6826598.3,0,0,0,15327.92,0,1361951,65493.775,0,0,9955.252,0,112,3231,0,52.302263,0,6788912.4,1323490,0.82753279,6763051.1,0.027929076,2013-10-25T17:03:37.000Z
2583.9,0,1321007.4,0,0,85236.57,3002.18,-3524.231,0.82059,1.1333333,0,0,0.025103333,0.0308536,0.85087,12561.604,10786,0,0,6795683,0,0,0,16357.25,0,1350413,72778.645,0,0,9992.508,0,112,3231,0,52.324431,0,6780291,1308106,0.83450485,6750201.5,0.047801687,2013-10-25T17:03:57.000Z
2584.2,0,1314118.9,0,0,92928.57,3010.44,24182.48,0.81068017,1.1333333,0,0,0.025103333,0.031147577,0.83683117,13525.475,10796,0,0,6813883.5,0,0,0,14412.06,0,1319644,90718.871,0,0,11600.87,0,112,3231,0,52.342924,0,6802993.1,1308106,0.82550731,6782027,0.069822689,2013-10-25T17:04:07.000Z
2584.5,0,1311651.6,0,0,89082.57,3015.46,26635.75,0.83683117,1.1333333,0,0,0.025103333,0.030765338,0.83683117,13450.588,10802,0,0,6822282,0,0,0,14588.85,0,1319644,83968.36,0,0,11580.04,0,112,3231,0,52.348009,0,6815534.2,1304260,0.83696177,6793954,0.0896953,2013-10-25T17:04:13.000Z
2584.8,0,1318390.4,0,0,96774.57,3038.92,-16955.64,0.814534,1.1333333,0,0,0.025103333,0.031288173,0.86105517,13343.42,10830,0,0,6822282,0,0,0,15129.79,0,1373489,76726.027,0,0,8726.93,0,112,3231,0,52.357609,0,6783651.3,1304260,0.83768624,6726903.1,0.025780685,2013-10-25T17:04:41.000Z
2585.1,0,1320427.1,0,0,85236.57,3047.23,15674.45,0.8211405,1.1333333,0,0,0.025103333,0.031040886,0.83848267,14027.37,10840,0,0,6797461.8,0,0,0,16661.91,0,1327336,79282.736,0,0,10342.05,0,112,3231,0,52.371793,0,6767327.8,1315798,0.83135791,6751059.8,0.061229127,2013-10-25T17:04:51.000Z
2585.4,0,1335755.2,0,0,93605.58,3064.02,-7553.807,0.8211405,1.1333333,0,0,0.025103333,0.030790762,0.84151067,13196.724,10860,0,0,6767877.5,0,0,0,16416.11,0,1365797,61436.345,0,0,10121.56,0,112,3231,0,52.382593,0,6752183.1,1319644,0.83761789,6736918.6,0.039745223,2013-10-25T17:05:11.000Z
2585.7,0,1334565.5,0,0,73698.57,3077.48,16913.68,0.81288233,1.1333333,0,0,0.025103333,0.03016618,0.84646567,14647.645,10876,0,0,6762566,0,0,0,16719.47,0,1342720,67167.46,0,0,12676.2,0,112,3231,0,52.390891,0,6740378.8,1327336,0.84055061,6710603.7,0.037059735,2013-10-25T17:05:27.000Z
2586,0,1319526.7,0,0,108313.57,3109.22,-11824.74,0.82306733,1.1333333,0,0,0.025103333,0.030564336,0.8563755,12785.316,10914,0,0,6747962.5,0,0,0,15760.44,0,1361951,65768.929,0,0,10308.49,0,112,3231,0,52.3977,0,6722777.6,1292721,0.83547343,6687551.9,0.032762954,2013-10-25T17:06:05.000Z
2586.3,0,1337756.8,0,0,108313.57,3135.82,-18471,0.83132567,1.1333333,0,0,0.025103333,0.030273913,0.83132567,12705.679,10946,0,0,6716682.3,0,0,0,15004.15,0,1377335,63913.2,0,0,8626.322,0,112,3231,0,52.41798,0,6697537.1,1292721,0.83120357,6663044.8,0.046190394,2013-10-25T17:06:37.000Z
2586.6,0,1334816.7,0,0,81390.57,3149.12,11587.87,0.83132567,1.1333333,0,0,0.025103333,0.030533904,0.83132567,13896.106,10962,0,0,6713526.9,0,0,0,15201.58,0,1381181,63042.262,0,0,9835.828,0,112,3231,0,52.419875,0,6697575.3,1319644,0.8313074,6665449.7,0.022021002,2013-10-25T17:06:53.000Z
2586.9,0,1341958.6,0,0,92928.57,3193.29,-13578.66,0,1.1333333,0,0,0.025103333,0.030171993,0.85802717,12624.703,11018,0,0,6685596.9,0,0,0,15756.59,0,1365797,55886.744,0,0,8394.248,0,112,3231,0,52.466873,0,6581740.1,1308106,0.67360643,6311096.9,0.01342744,2013-10-25T17:07:49.000Z
2587.2,0,1267226.5,0,0,135236.57,3193.29,14099.87,0,1.1333333,0,0,0.025103333,0.030747305,0,7091.9288,11018,0,0,6311096.9,0,0,0,8394.248,0,1358105,121799.95,0,0,6912.806,0,12,3231,0,52.461101,0,6072868.6,1265798,-0.037918627,6006811.5,0.053709761,2013-10-25T17:08:01.000Z
2587.5,0,1259046.7,0,0,166005.57,3193.29,25650.98,0,1.0757445,0,0,0.023827741,0.026974614,0,4298.7742,11018,0,0,6006811.5,0,0,0,6912.806,0,1308106,136923.3,0,0,3632.788,0,12,3231,0,52.535566,0,2544003.5,1235029,9.7913479E-05,1048353.8,0.027391978,2013-10-25T17:08:29.000Z
2587.8,0,1256063.2,0,0,154466.57,3193.29,8564.305,0,0.68390658,0,0,0.015148531,0.020247935,0,3350.3051,11018,0,0,1048353.8,0,0,0,3632.788,0,1265798,142851.66,0,0,2952.751,0,12,3231,0,52.769472,0,1019921.7,1246568,2.3766226E-06,959155.06,0.04941298,2013-10-25T17:08:41.000Z
2588.1,0,1255181.2,0,0,154466.57,3258.37,31795.2,0,0.36666667,0,0,0.0081216667,0.020451182,0,6.462202,11217,0,0,2462841.9,0,0,0,6.462202,0,1258106,147267.96,0,0,6.462202,0,12,3231,0,54.105236,0,2459954.7,1254260,0,2456139.2,0.096207816,2013-10-25T17:21:05.000Z
2588.4,0,1260461.9,0,0,146774.57,3258.37,32254.51,0,0.36666667,0,0,0.0081216667,0.020450531,0,6.462202,11217,0,0,2487168.6,0,0,0,6.462202,0,1261952,141859.74,0,0,6.462202,0,12,3231,0,54.109665,0,2468731.4,1258106,0,2448414.6,0.096207816,2013-10-25T17:21:11.000Z
2588.7,0,1237227.2,0,0,169851.57,3258.37,32807.2,0,0.36666667,0,0,0.0081216667,0.020641666,0,6.462202,11217,0,0,2471648.7,0,0,0,6.462202,0,1261952,153988.82,0,0,6.462202,0,12,3231,0,54.105474,0,2463102.4,1231183,0,2460356.1,0.096207816,2013-10-25T17:21:17.000Z
2589,0,1249665.2,0,0,169851.57,3258.37,34059.9,0,0.36666667,0,0,0.0081216667,0.020655861,0,6.462202,11217,0,0,2471418.6,0,0,0,6.462202,0,1250414,156616.3,0,0,6.462202,0,12,3231,0,54.119562,0,2464941.1,1231183,0,2461434.2,0.09507596,2013-10-25T17:21:23.000Z
2589.3,0,1242985,0,0,166005.57,3258.37,35298.48,0,0.36666667,0,0,0.0081216667,0.020651774,0,6.462202,11217,0,0,2477169.6,0,0,0,6.462202,0,1250414,155781.8,0,0,6.462202,0,12,3231,0,54.118759,0,2462468,1235029,0,2446287.5,0.096207816,2013-10-25T17:21:29.000Z
2589.6,0,1235331,0,0,169851.57,3258.37,36127.66,0,0.36666667,0,0,0.0081216667,0.020654513,0,6.462202,11217,0,0,2475643.8,0,0,0,6.462202,0,1242722,161917.07,0,0,6.462202,0,12,3231,0,54.119281,0,2461802.5,1231183,0,2446287.5,0.096207816,2013-10-25T17:21:35.000Z
2589.9,0,1246921.3,0,0,173697.57,3258.37,36782.57,0,0.36666667,0,0,0.0081216667,0.020460839,0,6.462202,11217,0,0,2475979.6,0,0,0,6.462202,0,1254260,158377.67,0,0,6.462202,0,12,3231,0,54.138912,0,2464110.3,1227337,0,2448615.7,0.09507596,2013-10-25T17:21:43.000Z
2590.2,0,1247814.8,0,0,173697.57,3258.37,36481.86,0,0.36666667,0,0,0.0081216667,0.020355996,0,6.462202,11217,0,0,2477936.7,0,0,0,6.462202,0,1258106,158315.04,0,0,6.462202,0,12,3231,0,54.130174,0,2455967.5,1242722,0,2436682.4,0.096207816,2013-10-25T17:21:49.000Z
2590.5,0,1251645.2,0,0,158312.57,3258.37,35981.51,0,0.36666667,0,0,0.0081216667,0.020638706,0,6.462202,11217,0,0,2458602.2,0,0,0,6.462202,0,1269645,153669.38,0,0,6.462202,0,12,3231,0,54.134981,0,2456598.1,1242722,0,2436682.4,0.09507596,2013-10-25T17:21:55.000Z
2590.8,0,1253290.2,0,0,158312.57,3258.37,35981.51,0,0.36666667,0,0,0.0081216667,0.020518484,0,6.462202,11217,0,0,2469882.4,0,0,0,6.462202,0,1269645,147035.71,0,0,6.462202,0,12,3231,0,54.148559,0,2463354.1,1246568,0,2453587.2,0.096207816,2013-10-25T17:22:01.000Z
2591.1,0,1253676.3,0,0,154466.57,3258.37,37387.18,0,0.36666667,0,0,0.0081216667,0.02050639,0,6.462202,11217,0,0,2471893.4,0,0,0,6.462202,0,1265798,139690.5,0,0,6.462202,0,12,3231,0,54.159975,0,2457565.3,1242722,0,2451080.7,0.09507596,2013-10-25T17:22:07.000Z
2591.4,0,1245604.2,0,0,162158.57,3258.37,34585.29,0,0.36666667,0,0,0.0081216667,0.02065013,0,6.462202,11217,0,0,2471893.4,0,0,0,6.462202,0,1258106,160073.16,0,0,6.462202,0,12,3231,0,54.167691,0,2464258.7,1238876,0,2455793,0.096207816,2013-10-25T17:22:13.000Z
2591.7,0,1247837.4,0,0,166005.57,3258.37,9049.739,0,0.36666667,0,0,0.0081216667,0.020656434,0,6.462202,11217,0,0,2474229.9,0,0,0,6.462202,0,1261952,145079.13,0,0,6.462202,0,12,3231,0,54.161887,0,2465037.5,1235029,0,2445686.3,0.09507596,2013-10-25T17:22:21.000Z
2592,0,1245382.4,0,0,166005.57,3258.37,1392.347,0,0.36666667,0,0,0.0081216667,0.020748737,0,6.462202,11217,0,0,2469523.7,0,0,0,6.462202,0,1250414,160278.14,0,0,6.462202,0,12,3231,0,54.168137,0,2463890.5,1235029,0,2457291.9,0.096207816,2013-10-25T17:22:27.000Z
2592.3,0,1251361.7,0,0,150620.57,3258.37,-1069.002,0,0.36666667,0,0,0.0081216667,0.020657359,0,6.462202,11217,0,0,2475616.8,0,0,0,6.462202,0,1254260,151168.99,0,0,6.462202,0,12,3231,0,54.151473,0,2467523.3,1250414,0,2460843.3,0.09507596,2013-10-25T17:22:33.000Z
2592.6,0,1253061.8,0,0,150620.57,3258.37,-1069.002,0,0.36666667,0,0,0.0081216667,0.020654415,0,6.462202,11217,0,0,2475616.8,0,0,0,6.462202,0,1261952,144474.45,0,0,6.462202,0,12,3231,0,54.151924,0,2461211.7,1242722,0,2445089.2,0.096207816,2013-10-25T17:22:39.000Z
2592.9,0,1255280.2,0,0,158312.57,3258.37,1535.455,0,0.36666667,0,0,0.0081216667,0.020655664,0,6.462202,11217,0,0,2465186.6,0,0,0,6.462202,0,1261952,150634.32,0,0,6.462202,0,12,3231,0,54.160646,0,2453955.4,1242722,0,2443499,0.096207816,2013-10-25T17:22:45.000Z
2593.2,0,1238264.4,0,0,154466.57,3258.37,1535.455,0,0.36666667,0,0,0.0081216667,0.02065039,0,6.462202,11217,0,0,2467299.2,0,0,0,6.462202,0,1261952,149387.71,0,0,6.462202,0,12,3231,0,54.164466,0,2457561,1219645,0,2441562.7,0.09507596,2013-10-25T17:22:51.000Z
2593.5,0,1226518,0,0,181389.57,3258.37,56503,0,0.36666667,0,0,0.0081216667,0.020653425,0,6.462202,11217,0,0,2464247.5,0,0,0,6.462202,0,1231183,177709.23,0,0,6.462202,0,12,3231,0,54.169291,0,2459170.4,1219645,0,2453203.6,0.096207816,2013-10-25T17:22:57.000Z
2593.8,0,1236114.6,0,0,177543.57,3258.37,2180.437,0,0.36666667,0,0,0.0081216667,0.020755906,0,6.462202,11217,0,0,2472345.3,0,0,0,6.462202,0,1242722,167777.88,0,0,6.462202,0,12,3231,0,54.164215,0,2460403.6,1231183,0,2446685.5,0.09507596,2013-10-25T17:23:05.000Z
2594.1,0,1232603.4,0,0,169851.57,3258.37,2450.549,0,0.36666667,0,0,0.0081216667,0.020851334,0,6.462202,11217,0,0,2464135.5,0,0,0,6.462202,0,1242722,166072.46,0,0,6.462202,0,12,3231,0,54.165914,0,2462485.4,1231183,0,2461208.2,0.096207816,2013-10-25T17:23:11.000Z
2594.4,0,1239825.4,0,0,169851.57,3258.37,1954.208,0,0.36666667,0,0,0.0081216667,0.020803368,0,6.462202,11217,0,0,2463654.5,0,0,0,6.462202,0,1242722,163542.28,0,0,6.462202,0,12,3231,0,54.199962,0,2456526.3,1235029,0,2443169.4,0.09507596,2013-10-25T17:23:17.000Z
2594.7,0,1249083.6,0,0,158312.57,3258.37,3074.018,0,0.36666667,0,0,0.0081216667,0.020947072,0,6.462202,11217,0,0,2469888.6,0,0,0,6.462202,0,1254260,156487.87,0,0,6.462202,0,12,3231,0,54.206672,0,2459188.8,1242722,0,2458848.9,0.09507596,2013-10-25T17:23:23.000Z
2595,0,1249177.6,0,0,158312.57,3258.37,2083.911,0,0.36666667,0,0,0.0081216667,0.020943507,0,6.462202,11217,0,0,2469888.6,0,0,0,6.462202,0,1258106,156975.57,0,0,6.462202,0,12,3231,0,54.208621,0,2454081.7,1242722,0,2448816.8,0.09507596,2013-10-25T17:23:29.000Z
2595.3,0,1242966.2,0,0,166005.57,3258.37,2201.86,0,0.36666667,0,0,0.0081216667,0.020883006,0,6.462202,11217,0,0,2478952.6,0,0,0,6.462202,0,1258106,150861.88,0,0,6.462202,0,12,3231,0,54.215235,0,2456313.9,1235029,0,2438399,0.09507596,2013-10-25T17:23:35.000Z
2595.6,0,1241429.9,0,0,166005.57,3258.37,1600.571,0,0.36666667,0,0,0.0081216667,0.021229648,0,6.462202,11217,0,0,2460252.4,0,0,0,6.462202,0,1246568,162750.78,0,0,6.462202,0,12,3231,0,54.228711,0,2452619.8,1235029,0,2440575.9,0.09507596,2013-10-25T17:23:41.000Z
2595.9,0,1252954.4,0,0,162158.57,3258.37,3359.126,0,0.36666667,0,0,0.0081216667,0.021153499,0,6.462202,11217,0,0,2463884.7,0,0,0,6.462202,0,1250414,148423.88,0,0,6.462202,0,12,3231,0,54.230292,0,2458307.2,1246568,0,2440575.9,0.09507596,2013-10-25T17:23:49.000Z
2596.2,0,1245769.8,0,0,158312.57,3258.37,3359.126,0,0.36666667,0,0,0.0081216667,0.020847383,0,6.462202,11217,0,0,2457070.1,0,0,0,6.462202,0,1250414,154195.98,0,0,6.462202,0,12,3231,0,54.236262,0,2450957.6,1242722,0,2446685.5,0.09507596,2013-10-25T17:23:55.000Z
2596.5,0,1236800.1,0,0,166005.57,3258.37,1853.216,0,0.36666667,0,0,0.0081216667,0.021038001,0,6.462202,11217,0,0,2469293.6,0,0,0,6.462202,0,1246568,161634.48,0,0,6.462202,0,12,3231,0,54.243535,0,2454361.9,1235029,0,2433112.4,0.09507596,2013-10-25T17:24:01.000Z
2596.8,0,1246197.6,0,0,166005.57,3258.37,1853.216,0,0.36666667,0,0,0.0081216667,0.020987868,0,6.462202,11217,0,0,2454302.4,0,0,0,6.462202,0,1250414,154738.39,0,0,6.462202,0,12,3231,0,54.245706,0,2448799.7,1238876,0,2443229.5,0.09507596,2013-10-25T17:24:07.000Z
2597.1,0,1236896.9,0,0,166005.57,3258.37,3570.484,0,0.36666667,0,0,0.0081216667,0.020998978,0,6.462202,11217,0,0,2462607.6,0,0,0,6.462202,0,1238876,162898.34,0,0,6.462202,0,12,3231,0,54.251857,0,2453192.7,1235029,0,2443229.5,0.09507596,2013-10-25T17:24:13.000Z
2597.4,0,1237567.2,0,0,166005.57,3258.37,5605.126,0,0.36666667,0,0,0.0081216667,0.020901981,0,6.462202,11217,0,0,2457101.2,0,0,0,6.462202,0,1238876,164654.03,0,0,6.462202,0,12,3231,0,54.260825,0,2447761.4,1235029,0,2429872,0.09507596,2013-10-25T17:24:19.000Z
2597.7,0,1235101.2,0,0,162158.57,3258.37,5780.811,0,0.36666667,0,0,0.0081216667,0.020913613,0,6.462202,11217,0,0,2457101.2,0,0,0,6.462202,0,1238876,162300.28,0,0,6.462202,0,12,3231,0,54.274337,0,2442462.9,1227337,0,2435855.2,0.09507596,2013-10-25T17:24:25.000Z
2598,0,1228841.7,0,0,173697.57,3258.37,6116.531,0,0.36666667,0,0,0.0081216667,0.020767249,0,6.462202,11217,0,0,2461888.2,0,0,0,6.462202,0,1231183,174453.62,0,0,6.462202,0,12,3231,0,54.273192,0,2450370.1,1227337,0,2434039.1,0.096207816,2013-10-25T17:24:33.000Z
2598.3,0,1239756.9,0,0,169851.57,3258.37,8729.123,0,0.36666667,0,0,0.0081216667,0.020731628,0,6.462202,11217,0,0,2461888.2,0,0,0,6.462202,0,1246568,160535.41,0,0,6.462202,0,12,3231,0,54.269935,0,2441614.8,1227337,0,2430796.6,0.09507596,2013-10-25T17:24:39.000Z
2598.6,0,1236442.3,0,0,173697.57,3258.37,9241.89,0,0.36666667,0,0,0.0081216667,0.020716083,0,6.462202,11217,0,0,2457196.6,0,0,0,6.462202,0,1242722,168264.58,0,0,6.462202,0,12,3231,0,54.270768,0,2443907,1227337,0,2433750.9,0.09507596,2013-10-25T17:24:45.000Z
2598.9,0,1226449.2,0,0,162158.57,3258.37,9241.89,0,0.36666667,0,0,0.0081216667,0.020764998,0,6.462202,11217,0,0,2448675.8,0,0,0,6.462202,0,1238876,114123.14,0,0,6.462202,0,12,3231,0,54.277023,0,2447579.4,1219645,0,2447017.2,0.096207816,2013-10-25T17:24:51.000Z
2599.2,0,1239258.3,0,0,181389.57,3258.37,8237.695,0,0.36666667,0,0,0.0081216667,0.020661935,0,6.462202,11217,0,0,2445487.2,0,0,0,6.462202,0,1246568,160301.75,0,0,6.462202,0,12,3231,0,54.28963,0,2442578.7,1219645,0,2437287.8,0.09507596,2013-10-25T17:24:57.000Z
2599.5,0,1231489.6,0,0,173697.57,3258.37,9659.334,0,0.36666667,0,0,0.0081216667,0.020857015,0,6.462202,11217,0,0,2448879,0,0,0,6.462202,0,1238876,173189.58,0,0,6.462202,0,12,3231,0,54.286925,0,2437541.6,1227337,0,2417464,0.096207816,2013-10-25T17:25:03.000Z
2599.8,0,1228879.1,0,0,177543.57,3258.37,9659.334,0,0.36666667,0,0,0.0081216667,0.020739074,0,6.462202,11217,0,0,2441367.8,0,0,0,6.462202,0,1238876,167428.61,0,0,6.462202,0,12,3231,0,54.288836,0,2435760.6,1223491,0,2426519.7,0.09507596,2013-10-25T17:25:09.000Z
2600.1,0,1242935.9,0,0,177543.57,3258.37,8164.313,0,0.36666667,0,0,0.0081216667,0.02086719,0,6.462202,11217,0,0,2436133,0,0,0,6.462202,0,1246568,159435.29,0,0,6.462202,0,12,3231,0,54.328638,0,2432342.3,1223491,0,2428026.9,0.09507596,2013-10-25T17:25:17.000Z
2600.4,0,1236581,0,0,177543.57,3258.37,7692.037,0,0.36666667,0,0,0.0081216667,0.020689754,0,6.462202,11217,0,0,2449210.7,0,0,0,6.462202,0,1242722,170784.94,0,0,6.462202,0,12,3231,0,54.333808,0,2435955,1223491,0,2427255.6,0.091114461,2013-10-25T17:25:23.000Z
2600.7,0,1250224.4,0,0,162158.57,3258.37,6279.659,0,0.36666667,0,0,0.0081216667,0.02063651,0,6.462202,11217,0,0,2432650.1,0,0,0,6.462202,0,1277337,151092.7,0,0,6.462202,0,12,3231,0,54.332614,0,2426215.6,1238876,0,2412867.7,0.086587035,2013-10-25T17:25:29.000Z
2601,0,1235061,0,0,166005.57,3258.37,5966.642,0,0.36666667,0,0,0.0081216667,0.020614512,0,6.462202,11217,0,0,2439839.9,0,0,0,6.462202,0,1238876,164842.42,0,0,6.462202,0,12,3231,0,54.341783,0,2436558.5,1235029,0,2428636.4,0.087152963,2013-10-25T17:25:37.000Z
2601.3,0,1235033.8,0,0,166005.57,3258.37,5966.642,0,0.36666667,0,0,0.0081216667,0.020793014,0,6.462202,11217,0,0,2437337.5,0,0,0,6.462202,0,1235029,165829.81,0,0,6.462202,0,12,3231,0,54.350786,0,2430048.2,1235029,0,2418994,0.083757393,2013-10-25T17:25:43.000Z
2601.6,0,1232997.4,0,0,177543.57,3258.37,7917.619,0,0.36666667,0,0,0.0081216667,0.020642342,0,6.462202,11217,0,0,2436456.4,0,0,0,6.462202,0,1238876,169286.95,0,0,6.462202,0,12,3231,0,54.367742,0,2425210.4,1223491,0,2412094.4,0.082625536,2013-10-25T17:25:51.000Z
2601.9,0,1245084.3,0,0,166005.57,3258.37,6824.465,0,0.36666667,0,0,0.0081216667,0.020600101,0,6.462202,11217,0,0,2434928.5,0,0,0,6.462202,0,1250414,158709.35,0,0,6.462202,0,12,3231,0,54.383129,0,2427854.7,1238876,0,2420227.6,0.079229966,2013-10-25T17:25:59.000Z
2602.2,0,1238877.2,0,0,162158.57,3258.37,6647.204,0,0.36666667,0,0,0.0081216667,0.020808364,0,6.462202,11217,0,0,2426687.6,0,0,0,6.462202,0,1250414,159110.72,0,0,6.462202,0,12,3231,0,54.392553,0,2417096.1,1238876,0,2406434.7,0.075834396,2013-10-25T17:26:07.000Z
2602.5,0,1237206.9,0,0,166005.57,3258.37,6644.744,0,0.36666667,0,0,0.0081216667,0.020694543,0,6.462202,11217,0,0,2429843,0,0,0,6.462202,0,1238876,163857.26,0,0,6.462202,0,12,3231,0,54.420111,0,2419642.9,1235029,0,2414710.8,0.07130697,2013-10-25T17:26:15.000Z
2602.8,0,1245818.4,0,0,162158.57,3258.37,6644.744,0,0.36666667,0,0,0.0081216667,0.020753193,0,6.462202,11217,0,0,2446820.3,0,0,0,6.462202,0,1258106,150283.95,0,0,6.462202,0,12,3231,0,54.439692,0,2435941.1,1223491,0,2429241.8,0.08828482,2013-10-25T17:26:21.000Z
2603.1,0,1246583.8,0,0,177543.57,3258.37,6662.765,0,0.36666667,0,0,0.0081216667,0.020693717,0,6.462202,11217,0,0,2437708.6,0,0,0,6.462202,0,1250414,158721.23,0,0,6.462202,0,12,3231,0,54.458062,0,2429601.2,1223491,0,2413008.7,0.092812246,2013-10-25T17:26:27.000Z
2603.4,0,1228715.4,0,0,173697.57,3258.37,6662.765,0,0.36666667,0,0,0.0081216667,0.020592804,0,6.462202,11217,0,0,2439922.8,0,0,0,6.462202,0,1238876,169023.3,0,0,6.462202,0,12,3231,0,54.485758,0,2436734.2,1227337,0,2430021.3,0.092812246,2013-10-25T17:26:35.000Z
2603.7,0,1228648.7,0,0,173697.57,3258.37,7071.612,0,0.36666667,0,0,0.0081216667,0.020549251,0,6.462202,11217,0,0,2422224,0,0,0,6.462202,0,1231183,172198.75,0,0,6.462202,0,12,3231,0,54.47887,0,2420838.7,1227337,0,2418842.7,0.093944103,2013-10-25T17:26:41.000Z
2604,0,1240568.8,0,0,173697.57,3258.37,9429.629,0,0.36666667,0,0,0.0081216667,0.020641141,0,6.462202,11217,0,0,2442433.4,0,0,0,6.462202,0,1246568,165385.5,0,0,6.462202,0,12,3231,0,54.478777,0,2424684,1231183,0,2416545.6,0.092812246,2013-10-25T17:26:47.000Z
2604.3,0,1247388.2,0,0,158312.57,3258.37,8266.951,0,0.36666667,0,0,0.0081216667,0.020647511,0,6.462202,11217,0,0,2430479.4,0,0,0,6.462202,0,1250414,155014.06,0,0,6.462202,0,12,3231,0,54.494739,0,2416633.1,1242722,0,2410255.5,0.093944103,2013-10-25T17:26:53.000Z
2604.6,0,1246630,0,0,154466.57,3258.37,7304.273,0,0.36666667,0,0,0.0081216667,0.020545837,0,6.462202,11217,0,0,2440712.7,0,0,0,6.462202,0,1250414,153347.16,0,0,6.462202,0,12,3231,0,54.492517,0,2429614.4,1246568,0,2418073.5,0.092812246,2013-10-25T17:26:59.000Z
2604.9,0,1241763.7,0,0,166005.57,3258.37,4868.111,0,0.36666667,0,0,0.0081216667,0.02068537,0,6.462202,11217,0,0,2452187.8,0,0,0,6.462202,0,1250414,160763.31,0,0,6.462202,0,12,3231,0,54.497174,0,2428177.5,1235029,0,2417615.3,0.092812246,2013-10-25T17:27:07.000Z
2605.2,0,1231928.9,0,0,177543.57,3258.37,4868.111,0,0.36666667,0,0,0.0081216667,0.020481672,0,6.462202,11217,0,0,2443754,0,0,0,6.462202,0,1250414,164764.4,0,0,6.462202,0,12,3231,0,54.507723,0,2433312.2,1223491,0,2413952,0.093944103,2013-10-25T17:27:13.000Z
2605.5,0,1239595.6,0,0,166005.57,3258.37,7735.872,0,0.36666667,0,0,0.0081216667,0.020636394,0,6.462202,11217,0,0,2433253.4,0,0,0,6.462202,0,1242722,161562.63,0,0,6.462202,0,12,3231,0,54.512109,0,2423923.8,1235029,0,2421129.4,0.087152963,2013-10-25T17:27:19.000Z
2605.8,0,1240998.1,0,0,169851.57,3258.37,6181.308,0,0.36666667,0,0,0.0081216667,0.020605092,0,6.462202,11217,0,0,2439703,0,0,0,6.462202,0,1246568,162348.81,0,0,6.462202,0,12,3231,0,54.524266,0,2426547.6,1231183,0,2417615.3,0.08149368,2013-10-25T17:27:27.000Z
2606.1,0,1237707.5,0,0,169851.57,3258.37,6181.308,0,0.36666667,0,0,0.0081216667,0.020629914,0,6.462202,11217,0,0,2440165.4,0,0,0,6.462202,0,1246568,160265.34,0,0,6.462202,0,12,3231,0,54.55666,0,2427124.7,1231183,0,2413153.8,0.07809811,2013-10-25T17:27:35.000Z
2606.4,0,1233165.7,0,0,169851.57,3258.37,10794.53,0,0.36666667,0,0,0.0081216667,0.020574848,0,6.462202,11217,0,0,2434219.5,0,0,0,6.462202,0,1238876,164153.33,0,0,6.462202,0,12,3231,0,54.555469,0,2418411.2,1219645,0,2410100,0.076966253,2013-10-25T17:27:43.000Z
2606.7,0,1224667.2,0,0,181389.57,3258.37,8869.44,0,0.36666667,0,0,0.0081216667,0.020500595,0,6.462202,11217,0,0,2434219.5,0,0,0,6.462202,0,1238876,176468.72,0,0,6.462202,0,12,3231,0,54.552267,0,2416886.9,1219645,0,2409160.9,0.076966253,2013-10-25T17:27:51.000Z
2607,0,1231304.7,0,0,177543.57,3258.37,8918.762,0,0.36666667,0,0,0.0081216667,0.020453347,0,6.462202,11217,0,0,2429144.3,0,0,0,6.462202,0,1238876,168712.03,0,0,6.462202,0,12,3231,0,54.577074,0,2420657.5,1227337,0,2415324.5,0.075834396,2013-10-25T17:27:59.000Z
2607.3,0,1237928.8,0,0,173697.57,3258.37,7884.924,0,0.36666667,0,0,0.0081216667,0.020390423,0,6.462202,11217,0,0,2437103.3,0,0,0,6.462202,0,1242722,163923.07,0,0,6.462202,0,12,3231,0,54.585054,0,2425958.3,1227337,0,2416228.4,0.075834396,2013-10-25T17:28:07.000Z
2607.6,0,1233850,0,0,173697.57,3258.37,9853.054,0,0.36666667,0,0,0.0081216667,0.020374839,0,6.462202,11217,0,0,2437103.3,0,0,0,6.462202,0,1238876,164091.04,0,0,6.462202,0,12,3231,0,54.621112,0,2420542.2,1227337,0,2413153.8,0.07809811,2013-10-25T17:28:15.000Z
2607.9,0,1232920.3,0,0,173697.57,3258.37,9564.434,0,0.36666667,0,0,0.0081216667,0.020415771,0,6.462202,11217,0,0,2430655.7,0,0,0,6.462202,0,1242722,167820.33,0,0,6.462202,0,12,3231,0,54.623323,0,2425666,1227337,0,2418994,0.080361823,2013-10-25T17:28:21.000Z
2608.2,0,1238308.3,0,0,173697.57,3258.37,8258.328,0,0.36666667,0,0,0.0081216667,0.020506844,0,6.462202,11217,0,0,2426795.4,0,0,0,6.462202,0,1246568,168045.02,0,0,6.462202,0,12,3231,0,54.626338,0,2421295.8,1227337,0,2407647.5,0.080361823,2013-10-25T17:28:29.000Z
2608.5,0,1237607.4,0,0,169851.57,3258.37,8491.56,0,0.36666667,0,0,0.0081216667,0.020474888,0,6.462202,11217,0,0,2435531.8,0,0,0,6.462202,0,1246568,161093.85,0,0,6.462202,0,12,3231,0,54.630742,0,2424562.4,1231183,0,2413178.7,0.080361823,2013-10-25T17:28:37.000Z
2608.8,0,1236531.9,0,0,166005.57,3258.37,9871.47,0,0.36666667,0,0,0.0081216667,0.020429676,0,6.462202,11217,0,0,2434928.5,0,0,0,6.462202,0,1238876,165078.06,0,0,6.462202,0,12,3231,0,54.644311,0,2423496.7,1235029,0,2404572.9,0.080361823,2013-10-25T17:28:43.000Z
2609.1,0,1230433.8,0,0,173697.57,3258.37,9829.717,0,0.36666667,0,0,0.0081216667,0.020516577,0,6.462202,11217,0,0,2433112.4,0,0,0,6.462202,0,1238876,167270.66,0,0,6.462202,0,12,3231,0,54.672955,0,2422084.8,1227337,0,2418689.2,0.082625536,2013-10-25T17:28:51.000Z
2609.4,0,1237812,0,0,173697.57,3258.37,9829.717,0,0.36666667,0,0,0.0081216667,0.020378923,0,6.462202,11217,0,0,2429266.6,0,0,0,6.462202,0,1242722,164749.91,0,0,6.462202,0,12,3231,0,54.709279,0,2425314.6,1227337,0,2415618.9,0.08488925,2013-10-25T17:28:59.000Z
2609.7,0,1233115.5,0,0,173697.57,3258.37,11391.19,0,0.36666667,0,0,0.0081216667,0.020342715,0,6.462202,11217,0,0,2439188.9,0,0,0,6.462202,0,1235029,169296.84,0,0,6.462202,0,12,3231,0,54.711281,0,2433192.1,1227337,0,2427738.7,0.08828482,2013-10-25T17:29:05.000Z
2610,0,1235936.4,0,0,169851.57,3258.37,9838.288,0,0.36666667,0,0,0.0081216667,0.020351628,0,6.462202,11217,0,0,2439188.9,0,0,0,6.462202,0,1246568,167353.3,0,0,6.462202,0,12,3231,0,54.697026,0,2430425.8,1231183,0,2415618.9,0.093944103,2013-10-25T17:29:11.000Z
2610.3,0,1242464.7,0,0,169851.57,3258.37,9838.288,0,0.36666667,0,0,0.0081216667,0.020407866,0,6.462202,11217,0,0,2434142.8,0,0,0,6.462202,0,1246568,156188.64,0,0,6.462202,0,12,3231,0,54.708918,0,2426840.7,1238876,0,2415618.9,0.09507596,2013-10-25T17:29:17.000Z
2610.6,0,1231611.1,0,0,173697.57,3258.37,11272.9,0,0.36666667,0,0,0.0081216667,0.020356474,0,6.462202,11217,0,0,2445686.3,0,0,0,6.462202,0,1238876,165632.65,0,0,6.462202,0,12,3231,0,54.714918,0,2425928.1,1227337,0,2418073.5,0.096207816,2013-10-25T17:29:23.000Z
2610.9,0,1223844.2,0,0,181389.57,3258.37,11272.9,0,0.36666667,0,0,0.0081216667,0.020347089,0,6.462202,11217,0,0,2439978.8,0,0,0,6.462202,0,1235029,180396.65,0,0,6.462202,0,12,3231,0,54.714721,0,2427771,1219645,0,2419454.3,0.093930189,2013-10-25T17:29:31.000Z
2611.2,0,1229249.4,0,0,181389.57,3258.37,13051.27,0,0.36666667,0,0,0.0081216667,0.020289613,0,6.462202,11217,0,0,2433856.7,0,0,0,6.462202,0,1235029,169975.33,0,0,6.462202,0,12,3231,0,54.741613,0,2422924.9,1227337,0,2409022,0.089158203,2013-10-25T17:29:37.000Z
2611.5,0,1230807.6,0,0,173697.57,3258.37,13935.21,0,0.36666667,0,0,0.0081216667,0.020273009,0,6.462202,11217,0,0,2431576.2,0,0,0,6.462202,0,1235029,168700.64,0,0,6.462202,0,12,3231,0,54.740381,0,2426331.1,1223491,0,2409022,0.084861422,2013-10-25T17:29:43.000Z
2611.8,0,1233759.1,0,0,181389.57,3258.37,13999.04,0,0.36666667,0,0,0.0081216667,0.020143383,0,6.462202,11217,0,0,2426977.8,0,0,0,6.462202,0,1246568,166769.05,0,0,6.462202,0,12,3231,0,54.758905,0,2421514.5,1219645,0,2412548.5,0.081638836,2013-10-25T17:29:51.000Z
2612.1,0,1226953,0,0,181389.57,3258.37,14878.39,0,0.36666667,0,0,0.0081216667,0.020102032,0,6.462202,11217,0,0,2430336.4,0,0,0,6.462202,0,1238876,178990.03,0,0,6.462202,0,12,3231,0,54.755665,0,2419533.2,1219645,0,2396313.4,0.077342055,2013-10-25T17:29:59.000Z
2612.4,0,1235621.9,0,0,177543.57,3258.37,13216.78,0,0.36666667,0,0,0.0081216667,0.020108311,0,6.462202,11217,0,0,2430336.4,0,0,0,6.462202,0,1246568,167408.66,0,0,6.462202,0,12,3231,0,54.769781,0,2423122,1227337,0,2419153.6,0.078416251,2013-10-25T17:30:07.000Z
2612.7,0,1232644.2,0,0,177543.57,3258.37,13216.78,0,0.36666667,0,0,0.0081216667,0.020048486,0,6.462202,11217,0,0,2435108.9,0,0,0,6.462202,0,1246568,164110.69,0,0,6.462202,0,12,3231,0,54.79151,0,2424905.8,1223491,0,2412867.7,0.080564641,2013-10-25T17:30:15.000Z
2613,0,1230096.8,0,0,169851.57,3258.37,13654.63,0,0.36666667,0,0,0.0081216667,0.020092902,0,6.462202,11217,0,0,2435388.7,0,0,0,6.462202,0,1235029,166908.61,0,0,6.462202,0,12,3231,0,54.793891,0,2427023.8,1219645,0,2418689.2,0.087009812,2013-10-25T17:30:21.000Z
2613.3,0,1239057,0,0,181389.57,3258.37,12241.01,0,0.36666667,0,0,0.0081216667,0.020086566,0,6.462202,11217,0,0,2435388.7,0,0,0,6.462202,0,1242722,165824.21,0,0,6.462202,0,12,3231,0,54.811326,0,2426879,1219645,0,2421456.9,0.090232398,2013-10-25T17:30:27.000Z
2613.6,0,1230697,0,0,173697.57,3258.37,11744.06,0,0.36666667,0,0,0.0081216667,0.020265683,0,6.462202,11217,0,0,2442103.8,0,0,0,6.462202,0,1235029,168330.9,0,0,6.462202,0,12,3231,0,54.823676,0,2432026,1227337,0,2424964.8,0.091306593,2013-10-25T17:30:35.000Z
2613.9,0,1235823.3,0,0,173697.57,3258.37,11744.06,0,0.36666667,0,0,0.0081216667,0.020047722,0,6.462202,11217,0,0,2436920.8,0,0,0,6.462202,0,1246568,172060.47,0,0,6.462202,0,12,3231,0,54.84236,0,2423950.7,1227337,0,2411947.3,0.090232398,2013-10-25T17:30:41.000Z
2614.2,0,1240215,0,0,169851.57,3258.37,12715.02,0,0.36666667,0,0,0.0081216667,0.020080338,0,6.462202,11217,0,0,2434462,0,0,0,6.462202,0,1246568,165993.84,0,0,6.462202,0,12,3231,0,54.839713,0,2421172.8,1238876,0,2417464,0.092380788,2013-10-25T17:30:47.000Z
2614.5,0,1225459.3,0,0,181389.57,3258.37,11803.76,0,0.36666667,0,0,0.0081216667,0.020140977,0,6.462202,11217,0,0,2433578.9,0,0,0,6.462202,0,1238876,174338.58,0,0,6.462202,0,12,3231,0,54.846343,0,2424788.7,1219645,0,2414252.6,0.087009812,2013-10-25T17:30:55.000Z
2614.8,0,1234539.7,0,0,181389.57,3258.37,11374.16,0,0.36666667,0,0,0.0081216667,0.02006532,0,6.462202,11217,0,0,2441100.4,0,0,0,6.462202,0,1235029,116600.32,0,0,6.462202,0,12,3231,0,54.859495,0,2436098.7,1235029,0,2432328.7,0.093454984,2013-10-25T17:31:01.000Z
2615.1,0,1239971,0,0,166005.57,3258.37,11374.16,0,0.36666667,0,0,0.0081216667,0.020095327,0,6.462202,11217,0,0,2442166,0,0,0,6.462202,0,1242722,112134.78,0,0,6.462202,0,12,3231,0,54.87308,0,2426881.3,1235029,0,2417310.6,0.096677569,2013-10-25T17:31:07.000Z
2615.4,0,1211152.5,0,0,169851.57,3258.37,12214.71,0,0.36666667,0,0,0.0081216667,0.020052626,0,6.462202,11217,0,0,2442166,0,0,0,6.462202,0,1242722,168348.7,0,0,6.462202,0,12,3231,0,54.900023,0,2428788.7,1181184,0,2421295.2,0.10097435,2013-10-25T17:31:13.000Z
2615.7,0,1226574.4,0,0,219850.57,3258.37,10087.51,0,0.36666667,0,0,0.0081216667,0.020331562,0,6.462202,11217,0,0,2431263.1,0,0,0,6.462202,0,1238876,191620.02,0,0,6.462202,0,12,3231,0,54.894449,0,2426095.7,1181184,0,2414084.7,0.08539852,2013-10-25T17:31:22.000Z
2616,0,1234721.9,0,0,162158.57,3258.37,10290.29,0,0.36666667,0,0,0.0081216667,0.020366218,0,6.462202,11217,0,0,2432471.8,0,0,0,6.462202,0,1238876,166829.6,0,0,6.462202,0,12,3231,0,54.894612,0,2427547.8,1231183,0,2423287.6,0.084861422,2013-10-25T17:31:27.000Z
2616.3,0,1235148.4,0,0,169851.57,3258.37,12040.94,0,0.36666667,0,0,0.0081216667,0.020339779,0,6.462202,11217,0,0,2436920.8,0,0,0,6.462202,0,1238876,167040.93,0,0,6.462202,0,12,3231,0,54.914998,0,2429805.6,1231183,0,2422667.7,0.087009812,2013-10-25T17:31:35.000Z
2616.6,0,1228295.8,0,0,173697.57,3258.37,14329.01,0,0.36666667,0,0,0.0081216667,0.020152007,0,6.462202,11217,0,0,2432791,0,0,0,6.462202,0,1235029,170539.43,0,0,6.462202,0,12,3231,0,54.912209,0,2422340.3,1227337,0,2407023.4,0.087009812,2013-10-25T17:31:41.000Z
2616.9,0,1227162.9,0,0,181389.57,3258.37,14283.55,0,0.36666667,0,0,0.0081216667,0.020074237,0,6.462202,11217,0,0,2433112.4,0,0,0,6.462202,0,1235029,176336.81,0,0,6.462202,0,12,3231,0,54.918195,0,2422470.7,1219645,0,2415925.7,0.088084008,2013-10-25T17:31:49.000Z
2617.2,0,1237162.6,0,0,166005.57,3258.37,12296.15,0,0.36666667,0,0,0.0081216667,0.020074635,0,6.462202,11217,0,0,2438032.1,0,0,0,6.462202,0,1246568,160456.31,0,0,6.462202,0,12,3231,0,54.923187,0,2430081.2,1223491,0,2417007.9,0.088084008,2013-10-25T17:31:55.000Z
2617.5,0,1232949.8,0,0,177543.57,3258.37,13370.09,0,0.36666667,0,0,0.0081216667,0.020054014,0,6.462202,11217,0,0,2438032.1,0,0,0,6.462202,0,1235029,168629.53,0,0,6.462202,0,12,3231,0,54.945032,0,2430094.6,1223491,0,2421143.9,0.088084008,2013-10-25T17:32:01.000Z
2617.8,0,1237573.1,0,0,173697.57,3258.37,12231.32,0,0.36666667,0,0,0.0081216667,0.020119673,0,6.462202,11217,0,0,2437565.6,0,0,0,6.462202,0,1242722,167779.39,0,0,6.462202,0,12,3231,0,54.975873,0,2428662,1227337,0,2422514.3,0.088084008,2013-10-25T17:32:10.000Z
2618.1,0,1233137.9,0,0,166005.57,3258.37,12632.3,0,0.36666667,0,0,0.0081216667,0.020235564,0,6.462202,11217,0,0,2446217,0,0,0,6.462202,0,1242722,164019.61,0,0,6.462202,0,12,3231,0,54.982953,0,2435083.9,1227337,0,2422514.3,0.088084008,2013-10-25T17:32:15.000Z
2618.4,0,1239884,0,0,173697.57,3258.37,13005.6,0,0.36666667,0,0,0.0081216667,0.022027719,0,6.462202,11217,0,0,2446217,0,0,0,6.462202,0,1242722,161785.33,0,0,6.462202,0,12,3231,0,54.986639,0,2430217.5,1227337,0,2418994,0.087009812,2013-10-25T17:32:23.000Z
2618.7,0,1224332.5,0,0,181389.57,3258.37,14711.89,0,0.36666667,0,0,0.0081216667,0.020298614,0,6.462202,11217,0,0,2447017.2,0,0,0,6.462202,0,1227337,176642.23,0,0,6.462202,0,12,3231,0,54.992631,0,2439422.8,1219645,0,2418994,0.087009812,2013-10-25T17:32:29.000Z
2619,0,1237867.3,0,0,181389.57,3258.37,14122.49,0,0.36666667,0,0,0.0081216667,0.01995701,0,6.462202,11217,0,0,2448615.7,0,0,0,6.462202,0,1242722,164073.2,0,0,6.462202,0,12,3231,0,55.014366,0,2439965.4,1227337,0,2434142.8,0.088084008,2013-10-25T17:32:38.000Z
2619.3,0,1234037.9,0,0,169851.57,3258.37,15393.6,0,0.36666667,0,0,0.0081216667,0.01997034,0,6.462202,11217,0,0,2455668.6,0,0,0,6.462202,0,1231183,167383.65,0,0,6.462202,0,12,3231,0,55.018235,0,2448279.5,1231183,0,2434142.8,0.087009812,2013-10-25T17:32:43.000Z
2619.6,0,1222444.4,0,0,185235.57,3258.37,14123.82,0,0.36666667,0,0,0.0081216667,0.020029275,0,6.462202,11217,0,0,2455202.2,0,0,0,6.462202,0,1231183,174230.86,0,0,6.462202,0,12,3231,0,55.028467,0,2441636.8,1215799,0,2426519.7,0.088084008,2013-10-25T17:32:50.000Z
2619.9,0,1229171.1,0,0,185235.57,3258.37,14123.82,0,0.36666667,0,0,0.0081216667,0.020006566,0,6.462202,11217,0,0,2455330.7,0,0,0,6.462202,0,1242722,174780.53,0,0,6.462202,0,12,3231,0,55.04839,0,2450160.5,1215799,0,2426519.7,0.088084008,2013-10-25T17:32:58.000Z
2620.2,0,1224188.2,0,0,177543.57,3258.37,15717.62,0,0.36666667,0,0,0.0081216667,0.019923627,0,6.462202,11217,0,0,2461888.2,0,0,0,6.462202,0,1223491,177204.43,0,0,6.462202,0,12,3231,0,55.051835,0,2450614.9,1223491,0,2434928.5,0.088084008,2013-10-25T17:33:04.000Z
2620.5,0,1233361.3,0,0,177543.57,3258.37,12935.7,0,0.36666667,0,0,0.0081216667,0.020030865,0,6.462202,11217,0,0,2462827.3,0,0,0,6.462202,0,1246568,174225.15,0,0,6.462202,0,12,3231,0,55.091635,0,2449602.9,1223491,0,2434928.5,0.087009812,2013-10-25T17:33:12.000Z
2620.8,0,1236132.9,0,0,173697.57,3258.37,15367.87,0,0.36666667,0,0,0.0081216667,0.020051607,0,6.462202,11217,0,0,2459806.7,0,0,0,6.462202,0,1246568,161298.81,0,0,6.462202,0,12,3231,0,55.084922,0,2454303.5,1231183,0,2442433.4,0.087009812,2013-10-25T17:33:18.000Z
2621.1,0,1226350.9,0,0,181389.57,,13209.76,0,0.36666667,0,0,0.0081216667,0.020052587,0,6.462202,11217,0,0,2453587.2,0,0,0,6.462202,0,1235029,171005.19,0,0,6.462202,0,12,3231,0,55.08873,0,2452040.9,1219645,0,2445487.2,0.087009812,2013-10-25T17:33:24.000Z
2621.4,0,1225175,0,0,181389.57,3258.37,11947.44,0,0.36666667,0,0,0.0081216667,0.019982753,0,6.462202,11217,0,0,2460843.3,0,0,0,6.462202,0,1227337,178731.04,0,0,6.462202,0,12,3231,0,55.086524,0,2456678.1,1219645,0,2446820.3,0.088084008,2013-10-25T17:33:32.000Z
2621.7,0,1227002.8,0,0,177543.57,3258.37,13831.37,0,0.36666667,0,0,0.0081216667,0.020044955,0,6.462202,11217,0,0,2460843.3,0,0,0,6.462202,0,1235029,173075.97,0,0,6.462202,0,12,3231,0,55.093788,0,2452969.3,1223491,0,2449397.3,0.088084008,2013-10-25T17:33:37.000Z
2622,0,1220300.1,0,0,200619.57,3258.37,13831.37,0,0.36666667,0,0,0.0081216667,0.019928834,0,6.462202,11217,0,0,2461295.3,0,0,0,6.462202,0,1242722,186399.68,0,0,6.462202,0,12,3231,0,55.106947,0,2453987.3,1200415,0,2444096.1,0.087009812,2013-10-25T17:33:46.000Z
2622.3,0,1232050.6,0,0,169851.57,3258.37,15110.57,0,0.36666667,0,0,0.0081216667,0.01994854,0,6.462202,11217,0,0,2471632.2,0,0,0,6.462202,0,1242722,167269.04,0,0,6.462202,0,12,3231,0,55.114761,0,2459521.6,1231183,0,2446884.6,0.087009812,2013-10-25T17:33:52.000Z
2622.6,0,1231025.4,0,0,169851.57,3258.37,13435.35,0,0.36666667,0,0,0.0081216667,0.020078723,0,6.462202,11217,0,0,2471632.2,0,0,0,6.462202,0,1235029,169150.04,0,0,6.462202,0,12,3231,0,55.126207,0,2460070.8,1231183,0,2454648.6,0.088084008,2013-10-25T17:34:00.000Z
2622.9,0,1227789.7,0,0,173697.57,3258.37,13435.35,0,0.36666667,0,0,0.0081216667,0.020007102,0,6.462202,11217,0,0,2462491.5,0,0,0,6.462202,0,1227337,172037.71,0,0,6.462202,0,12,3231,0,55.14156,0,2459030,1227337,0,2457323,0.088084008,2013-10-25T17:34:06.000Z
2623.2,0,1236214.8,0,0,173697.57,3258.37,14896.56,0,0.36666667,0,0,0.0081216667,0.020032372,0,6.462202,11217,0,0,2471418.6,0,0,0,6.462202,0,1246568,162446.6,0,0,6.462202,0,12,3231,0,55.146781,0,2464797.6,1219645,0,2455455.1,0.087009812,2013-10-25T17:34:12.000Z
2623.5,0,1208622,0,0,192927.57,3258.37,17628.69,0,0.36666667,0,0,0.0081216667,0.019861895,0,6.462202,11217,0,0,2472361.9,0,0,0,6.462202,0,1219645,189522.37,0,0,6.462202,0,12,3231,0,55.166306,0,2461489.1,1208107,0,2454393.6,0.085935617,2013-10-25T17:34:20.000Z
2623.8,0,1221394.9,0,0,192927.57,3258.37,19193.03,0,0.36666667,0,0,0.0081216667,0.021090844,0,6.462202,11217,0,0,2458131.6,0,0,0,6.462202,0,1223491,183640.81,0,0,6.462202,0,12,3231,0,55.158507,0,2438514,1208107,0,2425282,0.077342055,2013-10-25T17:34:28.000Z
2624.1,0,1325719.6,0,0,96922.569,3491.89,4480.949,0.99098417,1.1166667,0,0,0.024734167,0.029449788,0.99098417,14168.888,11670,0,0,6551555.2,0,0,0,17268.26,0,1342720,78246.266,0,0,12670.61,0,112,3231,0,53.516956,0,6533760.8,1315798,0.99098438,6515326.3,0.09507596,2013-10-25T18:08:43.000Z
2624.4,0,1294667.4,0,0,123845.57,3497.89,21745.59,0.99098417,1.1166667,0,0,0.024734167,0.028528015,1.0185115,14794.746,11676,0,0,6555566.8,0,0,0,15378.72,0,1315798,109139.65,0,0,12670.61,0,112,3231,0,53.502247,0,6544311.3,1288875,0.99981199,6533636.7,0.09507596,2013-10-25T18:08:49.000Z
2624.7,0,1301900.1,0,0,123845.57,3505.94,41352.25,0.99291117,1.1166667,0,0,0.024734167,0.028362148,1.0185115,15061.717,11684,0,0,6552421.8,0,0,0,16027.74,0,1304260,115947.35,0,0,14000.97,0,112,3231,0,53.493426,0,6538118.6,1288875,1.0075306,6515398.9,0.07809811,2013-10-25T18:08:57.000Z
2625,0,1310870.9,0,0,112307.57,3515.87,33374.01,0.99291117,1.1166667,0,0,0.024734167,0.028317304,0.99291117,12781.758,11694,0,0,6542679.9,0,0,0,15082.04,0,1315798,103616.01,0,0,8922.165,0,112,3231,0,53.476606,0,6522244.4,1304260,0.99443081,6504674.3,0.053763191,2013-10-25T18:09:07.000Z
2625.3,0,1307940.9,0,0,104614.57,3527.78,33374.01,0.99291117,1.1166667,0,0,0.024734167,0.028716358,0.99291117,12085.94,11706,0,0,6527626.5,0,0,0,16620.63,0,1319644,101983.67,0,0,4956.71,0,112,3231,0,53.438049,0,6515431.6,1292721,0.99294013,6504674.3,0.048669836,2013-10-25T18:09:19.000Z
2625.6,0,1334825.4,0,0,89230.569,3597.9,-64612.37,0.99153467,1.1166667,0,0,0.024734167,0.02758808,1.0286967,13973.671,11776,0,0,6455624.8,0,0,0,15611.46,0,1423489,61843.112,0,0,13421.28,0,112,3231,0,53.548749,0,6451878.6,1323490,0.99653643,6361255.5,-0.061686188,2013-10-25T18:10:29.000Z
2625.9,0,1325272.5,0,0,112307.57,3567.77,8038.4,0.99263583,1.1166667,0,0,0.024734167,0.027541581,1.0201632,14026.229,11746,0,0,6489224.9,0,0,0,16729.54,0,1342720,90327.982,0,0,11268.69,0,112,3231,0,53.491116,0,6460877.8,1300413,1.0045897,6431441.1,0.020939348,2013-10-25T18:09:59.000Z
2626.2,0,1208663,0,0,73846.569,3619.94,-275207.4,0,0.36666223,0,0,0.0081215685,0.020021718,0,3.7942885,11995,0,0,2269355.7,0,0,0,3.9029,0,1604256,190148.46,0,0,3.9029,0,112,3231,0,55.564256,0,2345694.2,1338874,-6.0001672E-06,2252536,-0.10752638,2013-10-25T18:14:39.000Z
2626.5,0,1242746.2,0,0,166152.57,3619.94,9858.025,0,0.3729088,0,0,0.0082599299,0.02003638,0,156.80225,11919,0,0,2373493.8,0,0,0,3.9029,0,1288875,172241.08,0,0,3.9029,0,112,3231,0,55.37792,0,2389216.9,1246568,0.0084468203,2313668,0.039049055,2013-10-25T18:13:23.000Z
2626.8,0,1208663,0,0,231536.57,3619.94,-45326.9,0,0.36666223,0,0,0.0081215685,0.020021718,0,3.7942885,11983,0,0,2332278.9,0,0,0,3.9029,0,1338874,190148.46,0,0,3.9029,0,112,3231,0,55.564256,0,2345694.2,1181184,-6.0001672E-06,2269355.7,-0.0679114,2013-10-25T18:14:27.000Z
2627.1,0,1247852.8,0,0,166152.57,3619.94,9379.188,0,0.36663113,0,0,0.0081208794,0.020004602,0,3.0323311,11939,0,0,2375857.3,0,0,0,3.9029,0,1254260,163108.14,0,0,3.9029,0,112,3231,0,55.542394,0,2354881.7,1246568,-4.8093983E-05,2342416.8,0.06451583,2013-10-25T18:13:43.000Z
2627.4,0,1323605.3,0,0,96922.569,3790.63,8302.514,0.99291117,1.1,0,0,0.024365,0.026038949,1.011905,16537.961,12255,0,0,6419286,0,0,0,19643.45,0,1335028,89046.699,0,0,14429.52,0,112,3231,0,53.991418,0,6408555.1,1315798,0.99524045,6389537.9,0.038483127,2013-10-25T18:18:59.000Z
2627.7,0,1316989,0,0,108460.57,3806.59,22652.47,0.97309133,1.1,0,0,0.024365,0.025894867,1.0143825,13217.988,12271,0,0,6413325.6,0,0,0,15186.23,0,1335028,83826.296,0,0,11163.14,0,112,3231,0,53.998543,0,6402778.2,1304260,0.9972833,6382663.2,0.039614983,2013-10-25T18:19:15.000Z
2628,0,1312683.6,0,0,108460.57,3822.45,34210.08,0.97088917,1.1,0,0,0.024365,0.026265731,0.99869183,14287.341,12287,0,0,6412077.6,0,0,0,16443.45,0,1319644,91011.143,0,0,12152.85,0,112,3231,0,53.991957,0,6394703.7,1304260,0.99077429,6375498.3,0.039614983,2013-10-25T18:19:31.000Z
2628.3,0,1304366.5,0,0,119999.57,3836.42,34210.08,0.99401217,1.1,0,0,0.024365,0.026263138,1.0201632,14345.397,12301,0,0,6410514.4,0,0,0,16366.92,0,1311952,105469.37,0,0,12248.53,0,112,3231,0,54.018756,0,6391945.2,1292721,0.99782147,6370727.9,0.037917198,2013-10-25T18:19:45.000Z
2628.6,0,1336855.3,0,0,93076.569,4228.98,1017.328,1.3125035,1.4619066,0,0,0.03238123,0.036274148,1.3595753,13658.953,12645,0,0,9377612.2,0,0,0,21265,0,1335028,76216.635,0,0,7427.724,0,112,3231,0,53.416903,0,9206646.9,1319644,1.3225913,9345824.1,0.039614983,2013-10-25T18:25:29.000Z
2628.9,0,1311153.1,0,0,112307.57,4277.16,1465.47,1.3125035,1.4978368,0,0,0.033177086,0.037036611,1.3504913,15815.08,12681,0,0,9356011.7,0,0,0,22240.4,0,1338874,91807.034,0,0,6554.926,0,112,3231,0,53.297547,0,9336803.2,1288875,1.3376229,9321414.4,0.019807492,2013-10-25T18:26:05.000Z
2629.2,0,1269269.1,0,0,143075.57,4511.68,-52190.66,1.316082,1.5,0,0,0.033225,0.037090608,1.3631538,16279.337,12857,0,0,9316984,0,0,0,20349.59,0,1408104,132171.51,0,0,11816.2,0,112,3231,0,53.306746,0,9326980.9,1269645,1.3360043,9193849.3,-0.083191465,2013-10-25T18:29:01.000Z
2629.5,0,1287721.1,0,0,146922.57,4399.87,34839.03,1.3147057,1.4999998,0,0,0.033224996,0.036728361,1.3524182,18194.657,12773,0,0,9328214.5,0,0,0,20695.86,0,1300413,122869.7,0,0,12324.65,0,112,3231,0,53.285196,0,9317432,1265798,1.334138,9303896,0.0090548533,2013-10-25T18:27:37.000Z
2629.8,0,1296561.5,0,0,143075.57,4540.78,-15900.99,0,0.16256344,0,0,0.0036007801,0.016291817,0,5535.548,12885,0,0,1671140.5,0,0,0,6730.563,0,1338874,110663.04,0,0,5106.441,0,12,3231,0,56.923898,0,1434044.7,1269645,-0.039704873,1649210.3,0.042444625,2013-10-25T18:33:09.000Z
2630.1,0,1135898,0,0,331535.57,4540.78,-88393.04,0,0.19999963,0,0,0.0044299918,0.016980181,0,2595.0222,12885,0,0,1645526.3,0,0,0,2612.262,0,1288875,263655.6,0,0,2062.935,0,12,3231,0,56.957875,0,1649696.9,1081185,-3.9347289E-07,1584827.6,-0.048669836,2013-10-25T18:36:51.000Z
2630.4,0,1213295.7,0,0,243074.57,4540.78,7891.49,0,0.19995914,0,0,0.0044290951,0.017176396,0,3369.1264,12885,0,0,1659810.5,0,0,0,4014.729,0,1242722,190494.42,0,0,2516.02,0,12,3231,0,56.864852,0,1652998.6,1169646,-4.3330723E-05,1625775,0.0028296417,2013-10-25T18:34:53.000Z
2630.7,0,1289793.6,0,0,139229.57,4734.76,28390.18,1.3235145,1.5000217,0,0,0.033225481,0.036606909,1.3537945,16467.06,13036,0,0,9203570.5,0,0,0,21236.26,0,1308106,111167.44,0,0,13942.71,0,112,3231,0,54.824144,0,9190618.5,1273491,1.3334703,9176339.2,0.019241563,2013-10-25T19:01:08.000Z
2631,0,1289761.6,0,0,135383.57,4769.42,36289.1,1.3235145,1.5000012,0,0,0.033225027,0.036247258,1.3537945,15204.805,13060,0,0,9192435.4,0,0,0,17795.63,0,1308106,123996.25,0,0,6781.415,0,112,3231,0,54.775013,0,9181683.5,1277337,1.3328271,9168081.7,0.027730488,2013-10-25T19:01:32.000Z
2631.3,0,1290387.9,0,0,139229.57,4793.7,39286.92,1.3279188,1.4999999,0,0,0.033224997,0.036388384,1.3598505,14514.456,13078,0,0,9205328.6,0,0,0,18737.01,0,1338874,105615.31,0,0,6488.022,0,112,3231,0,54.747951,0,9190171.9,1273491,1.3477322,9174133.3,0.03735127,2013-10-25T19:01:50.000Z
2631.6,0,1291746.6,0,0,139229.57,4831.13,21474.36,1.3325985,1.5,0,0,0.033225,0.036453424,1.3626033,16908.077,13106,0,0,9211614.4,0,0,0,21428.08,0,1319644,107792.84,0,0,6051.226,0,112,3231,0,54.752998,0,9181376.1,1273491,1.3368565,9158020.6,0.016411922,2013-10-25T19:02:18.000Z
2631.9,0,1289628.2,0,0,127691.57,4855.17,35055.34,1.314981,1.5,0,0,0.033225,0.036260379,1.3626033,15178.307,13124,0,0,9201758.5,0,0,0,17928.75,0,1308106,101840.54,0,0,13376.24,0,112,3231,0,54.737756,0,9187599.6,1273491,1.3350723,9163101.9,0.034521628,2013-10-25T19:02:36.000Z
2632.2,0,1289383.3,0,0,143075.57,4887.24,39190.58,1.3144303,1.5,0,0,0.033225,0.036852083,1.350216,14003.016,13148,0,0,9200012.9,0,0,0,18281.85,0,1311952,114334.85,0,0,6686.29,0,112,3231,0,54.747161,0,9187511.1,1269645,1.3414995,9177527.2,0.019241563,2013-10-25T19:03:00.000Z
2632.5,0,1294810.2,0,0,131537.57,4921.95,33219.47,1.3325985,1.5,0,0,0.033225,0.035891097,1.354345,14333.781,13174,0,0,9200012.9,0,0,0,19573.56,0,1304260,107222.41,0,0,9314.248,0,112,3231,0,54.749227,0,9183565,1281183,1.3348382,9165958.8,0.040180912,2013-10-25T19:03:26.000Z
2632.8,0,1291379.4,0,0,143075.57,4956.43,23964.27,1.2973635,1.5,0,0,0.033225,0.036476252,1.354345,15892.595,13200,0,0,9192136.9,0,0,0,20051.29,0,1319644,117421.31,0,0,12269.96,0,112,3231,0,54.750991,0,9180378.5,1269645,1.32758,9166701,0.020939348,2013-10-25T19:03:52.000Z
2633.1,0,1299539.3,0,0,127691.57,4993.44,32974.27,1.3125035,1.5,0,0,0.033225,0.036735092,1.3331492,14443.059,13228,0,0,9184994.8,0,0,0,19055.91,0,1323490,111001.86,0,0,6726.224,0,112,3231,0,54.718729,0,9167902,1285029,1.3205899,9153700,0.022637133,2013-10-25T19:04:20.000Z
2633.4,0,1291144.5,0,0,154614.57,5033.46,16103.56,1.3141552,1.5,0,0,0.033225,0.035985776,1.3403062,14889.397,13259,0,0,9199316.3,0,0,0,18389.18,0,1319644,121983.2,0,0,6235.11,0,112,3231,0,54.756325,0,9172777.5,1258106,1.3379651,9153824.4,0.04414241,2013-10-25T19:04:50.000Z
2633.7,0,1297984.1,0,0,154614.57,5070.79,19584.45,1.3114025,1.5,0,0,0.033225,0.036363461,1.3648055,15810.772,13287,0,0,9193484.5,0,0,0,20865.66,0,1327336,107200.62,0,0,8366.187,0,112,3231,0,54.764298,0,9180088.1,1277337,1.3291799,9144461.9,0.022071205,2013-10-25T19:05:18.000Z
2634,0,1300812.2,0,0,135383.57,5140.5,19584.45,1.3056217,1.5,0,0,0.033225,0.036229799,1.3837993,16278.71,13339,0,0,9194239.1,0,0,0,20638.53,0,1311952,99596.379,0,0,11776.68,0,112,3231,0,54.749853,0,9156043.5,1277337,1.3432561,9126182.7,0.011318567,2013-10-25T19:06:10.000Z
2634.3,0,1301832,0,0,123845.57,5212.77,27559.54,1.3155315,1.5,0,0,0.033225,0.036084118,1.3642548,17426.855,13393,0,0,9140817.3,0,0,0,20978.66,0,1319644,111060.23,0,0,11944.49,0,112,3231,0,54.761721,0,9128052.6,1288875,1.3383197,9107768.6,0.010752638,2013-10-25T19:07:04.000Z
2634.6,0,1307415.4,0,0,116153.57,5285.04,24250.04,1.3144303,1.5,0,0,0.033225,0.036319125,1.3615022,17481.374,13447,0,0,9131029.8,0,0,0,20560.82,0,1319644,105595.46,0,0,11307.93,0,112,3231,0,54.752098,0,9109033.4,1296567,1.3381559,9080651.4,0.011318567,2013-10-25T19:07:58.000Z
2634.9,0,1305331.8,0,0,123845.57,5359.26,24289,1.3094755,1.5,0,0,0.033225,0.036613239,1.3397555,18056.308,13503,0,0,9108490.1,0,0,0,22219.51,0,1319644,104373.25,0,0,13271.05,0,112,3231,0,54.753779,0,9091989,1288875,1.3246582,9078642.5,0.010752638,2013-10-25T19:08:54.000Z
2635.2,0,1302228.2,0,0,123845.57,5431.44,29290.23,1.3144303,1.5,0,0,0.033225,0.036315407,1.3661818,17518.618,13557,0,0,9098269.3,0,0,0,22537.93,0,1319644,109729.91,0,0,10223.92,0,112,3231,0,54.762916,0,9075589.1,1288875,1.3366811,9044119.8,0.011318567,2013-10-25T19:09:48.000Z
2635.5,0,1299886.6,0,0,123845.57,5503.52,30490.76,1.314981,1.5,0,0,0.033225,0.03613623,1.363429,17512.615,13611,0,0,9073372.4,0,0,0,22873.82,0,1311952,109961.92,0,0,12318.69,0,112,3231,0,54.734421,0,9052429.6,1288875,1.3348681,9036098.7,0.010752638,2013-10-25T19:10:42.000Z
2635.8,0,1303351.7,0,0,119999.57,5575.94,29080.15,1.3125035,1.5,0,0,0.033225,0.036581478,1.3650808,16570.939,13665,0,0,9051355.2,0,0,0,21446.15,0,1315798,110057.61,0,0,8952.454,0,112,3231,0,54.722473,0,9032736.9,1292721,1.3407335,9011647.5,0.011318567,2013-10-25T19:11:36.000Z
2636.1,0,1302727,0,0,116153.57,5648.09,28743.8,1.3127787,1.5,0,0,0.033225,0.036360261,1.3656312,17265.037,13719,0,0,9040962.4,0,0,0,22301.18,0,1311952,109818.77,0,0,12381.06,0,112,3231,0,54.736931,0,9019623,1296567,1.3364389,8999200.1,0.010752638,2013-10-25T19:12:30.000Z
2636.4,0,1288768.9,0,0,112307.57,5915.68,-54502.69,1.3287447,1.5,0,0,0.033225,0.035918746,1.3499407,19246.114,13919,0,0,8981356.2,0,0,0,22285.95,0,1392720,115538.59,0,0,11474.53,0,112,3231,0,54.780211,0,8981000.3,1300413,1.3346538,8888703.6,-0.055460976,2013-10-25T19:15:51.000Z
2636.7,0,1303121.1,0,0,119999.57,5792.71,32402.89,1.3138798,1.5,0,0,0.033225,0.036507465,1.3604012,17616.403,13827,0,0,9005465.3,0,0,0,22181.49,0,1311952,109134.16,0,0,11216.33,0,112,3231,0,54.759543,0,8984892.1,1292721,1.3418706,8970698,0.011318567,2013-10-25T19:14:18.000Z
2637,0,1265556.1,0,0,154614.57,9372.84,10787.26,0,0.2,0,0,0.00443,0.016473092,0,7.74283,16586,0,0,1537621.2,0,0,0,7.74283,0,1273491,147821.79,0,0,7.74283,0,12,3231,0,59.24173,0,1527971.3,1258106,-6.6912599E-20,1520270.7,0.046406123,2013-10-25T20:03:42.000Z
2637.3,0,1263122.7,0,0,154614.57,9372.84,17862.44,0,0.2,0,0,0.00443,0.016541258,0,7.74283,16586,0,0,1538100.1,0,0,0,7.74283,0,1273491,148122.02,0,0,7.74283,0,12,3231,0,59.275583,0,1529164.8,1258106,2.5115827E-21,1524419.1,0.051499478,2013-10-25T20:03:54.000Z
